position,conservation_score
1,1.0
2,0.7142857142857143
3,0.8571428571428571
4,0.4782608695652174
5,0.8260869565217391
6,0.6956521739130435
7,0.52
8,0.42857142857142855
9,0.4482758620689655
10,0.3793103448275862
11,0.6896551724137931
12,0.6
13,0.9032258064516129
14,0.8064516129032258
15,0.8709677419354839
16,0.8709677419354839
17,0.7419354838709677
18,0.7741935483870968
19,1.0
20,0.6774193548387096
21,0.7096774193548387
22,1.0
23,1.0
24,0.4838709677419355
25,0.6774193548387096
26,0.7096774193548387
27,0.7096774193548387
28,0.5161290322580645
29,0.5806451612903226
30,0.6
31,0.4444444444444444
32,0.7407407407407407
33,0.5862068965517241
34,0.38461538461538464
35,0.4
36,0.5789473684210527
37,0.45
38,0.42857142857142855
39,0.4117647058823529
40,0.5
41,0.7272727272727273
42,0.6818181818181818
43,1.0
44,0.6086956521739131
45,0.5416666666666666
46,0.4782608695652174
47,0.5769230769230769
48,0.5
49,0.5925925925925926
50,0.4827586206896552
51,0.4
52,0.25
53,0.8928571428571429
54,0.5714285714285714
55,0.32142857142857145
56,0.64
57,0.36
58,0.64
59,0.3888888888888889
60,0.3
61,0.5
62,0.5
63,0.5714285714285714
64,0.5357142857142857
65,0.32142857142857145
66,0.48148148148148145
67,0.4074074074074074
68,0.5555555555555556
69,0.6842105263157895
70,0.47368421052631576
71,0.5789473684210527
72,0.34782608695652173
73,0.2222222222222222
74,0.43478260869565216
75,0.7391304347826086
76,0.45454545454545453
77,0.48
78,0.6
79,0.6956521739130435
80,0.9565217391304348
81,0.32
82,0.8
83,0.5909090909090909
84,0.6071428571428571
85,0.6785714285714286
86,0.6785714285714286
87,0.6785714285714286
88,0.75
89,0.41935483870967744
90,0.5483870967741935
91,0.6451612903225806
92,0.9032258064516129
93,0.6451612903225806
94,0.7741935483870968
95,0.7741935483870968
96,0.45161290322580644
97,1.0
98,1.0
99,0.7096774193548387
100,0.5161290322580645
101,0.6129032258064516
102,0.6129032258064516
103,1.0
104,0.4838709677419355
105,1.0
106,0.3225806451612903
107,0.7741935483870968
108,0.8709677419354839
109,0.9354838709677419
110,0.5483870967741935
111,0.9354838709677419
112,0.6774193548387096
113,1.0
114,0.6774193548387096
115,0.45161290322580644
116,0.9354838709677419
117,0.9354838709677419
118,0.967741935483871
119,0.967741935483871
120,1.0
121,1.0
122,1.0
123,0.9354838709677419
124,0.8064516129032258
125,1.0
126,0.967741935483871
127,1.0
128,0.7741935483870968
129,0.2903225806451613
130,1.0
131,0.9032258064516129
132,1.0
133,0.8064516129032258
134,0.8709677419354839
135,1.0
136,0.967741935483871
137,1.0
138,1.0
139,1.0
140,0.967741935483871
141,0.8387096774193549
142,0.967741935483871
143,0.8709677419354839
144,0.7741935483870968
145,0.6129032258064516
146,0.6451612903225806
147,0.9354838709677419
148,0.41935483870967744
149,0.6774193548387096
150,0.3548387096774194
151,1.0
152,1.0
153,0.7096774193548387
154,0.967741935483871
155,0.4838709677419355
156,0.5806451612903226
157,0.7096774193548387
158,1.0
159,1.0
160,0.6129032258064516
161,0.967741935483871
162,0.7741935483870968
163,1.0
164,1.0
165,0.7741935483870968
166,0.6451612903225806
167,0.5483870967741935
168,0.7419354838709677
169,0.5806451612903226
170,0.6451612903225806
171,0.9032258064516129
172,1.0
173,1.0
174,0.9032258064516129
175,1.0
176,0.967741935483871
177,1.0
178,1.0
179,1.0
180,0.8064516129032258
181,0.8064516129032258
182,0.5769230769230769
183,0.7692307692307693
184,0.8076923076923077
185,0.5483870967741935
186,0.9354838709677419
187,0.7419354838709677
188,0.7419354838709677
189,0.8387096774193549
190,0.8387096774193549
191,0.7096774193548387
192,0.6774193548387096
193,1.0
194,1.0
195,0.9032258064516129
196,1.0
197,0.9354838709677419
198,1.0
199,1.0
200,0.8387096774193549
201,0.6129032258064516
202,0.6129032258064516
203,0.7741935483870968
204,0.6129032258064516
205,1.0
206,0.41935483870967744
207,0.6451612903225806
208,0.967741935483871
209,0.5806451612903226
210,0.6451612903225806
211,0.9354838709677419
212,0.6451612903225806
213,0.967741935483871
214,0.9032258064516129
215,1.0
216,1.0
217,0.7419354838709677
218,1.0
219,1.0
220,1.0
221,1.0
222,0.7419354838709677
223,1.0
224,0.6774193548387096
225,0.6451612903225806
226,0.9032258064516129
227,0.9354838709677419
228,0.5161290322580645
229,0.6451612903225806
230,1.0
231,0.967741935483871
232,0.8064516129032258
233,0.6451612903225806
234,0.8064516129032258
235,0.7741935483870968
236,0.5806451612903226
237,1.0
238,1.0
239,1.0
240,1.0
241,1.0
242,1.0
243,1.0
244,1.0
245,1.0
246,1.0
247,1.0
248,1.0
249,1.0
250,0.967741935483871
251,1.0
252,0.967741935483871
253,1.0
254,1.0
255,0.8064516129032258
256,0.967741935483871
257,1.0
258,1.0
259,0.6129032258064516
260,0.5666666666666667
261,0.4838709677419355
262,1.0
263,0.5483870967741935
264,0.8064516129032258
265,1.0
266,1.0
267,1.0
268,0.5161290322580645
269,0.7419354838709677
270,1.0
271,1.0
272,1.0
273,1.0
274,0.8709677419354839
275,1.0
276,1.0
277,1.0
278,1.0
279,1.0
280,1.0
281,1.0
282,1.0
283,0.6774193548387096
284,0.967741935483871
285,0.967741935483871
286,1.0
287,0.6774193548387096
288,0.9354838709677419
289,0.6774193548387096
290,0.5483870967741935
291,1.0
292,0.6896551724137931
293,0.6551724137931034
294,0.5483870967741935
295,0.4
296,0.6333333333333333
297,0.5517241379310345
298,0.5862068965517241
299,0.5416666666666666
300,0.9523809523809523
301,0.8571428571428571
302,0.64
303,0.6551724137931034
304,0.43333333333333335
305,1.0
306,1.0
307,0.7096774193548387
308,0.7419354838709677
309,0.6451612903225806
310,0.3793103448275862
311,0.37037037037037035
312,0.7777777777777778
313,0.7333333333333333
314,0.7
315,0.6333333333333333
316,0.8
317,0.4838709677419355
318,0.41935483870967744
319,0.9354838709677419
320,0.6451612903225806
321,0.6451612903225806
322,0.5806451612903226
323,0.6451612903225806
324,0.9354838709677419
325,0.5806451612903226
326,1.0
327,0.6451612903225806
328,0.8064516129032258
329,0.9032258064516129
330,0.9354838709677419
331,0.6129032258064516
332,0.8064516129032258
333,0.9032258064516129
334,1.0
335,0.7741935483870968
336,0.6451612903225806
337,0.9354838709677419
338,0.5483870967741935
339,0.8709677419354839
340,0.7741935483870968
341,0.6451612903225806
342,0.5483870967741935
343,0.6451612903225806
344,0.7096774193548387
345,1.0
346,0.6129032258064516
347,0.7419354838709677
348,0.967741935483871
349,0.9354838709677419
350,0.9354838709677419
351,0.6129032258064516
352,0.8064516129032258
353,0.6451612903225806
354,0.4838709677419355
355,0.45161290322580644
356,0.42857142857142855
357,0.5
358,0.6551724137931034
359,0.5172413793103449
360,0.4642857142857143
361,0.3
362,0.72
363,0.92
364,0.72
365,0.8333333333333334
366,0.7916666666666666
367,0.8
368,0.52
369,0.6206896551724138
370,0.7333333333333333
371,0.5
372,0.6666666666666666
373,0.6451612903225806
374,0.7096774193548387
375,0.5483870967741935
376,0.6451612903225806
377,0.5161290322580645
378,0.8064516129032258
379,0.5806451612903226
380,0.5806451612903226
381,0.967741935483871
382,0.8709677419354839
383,0.5483870967741935
384,0.6774193548387096
385,0.3870967741935484
386,0.8387096774193549
387,0.4
388,0.8333333333333334
389,0.7
390,0.6206896551724138
391,0.9655172413793104
392,0.9629629629629629
393,0.9259259259259259
