variant_key,HGVS_p,hgvs_refseq,position,ref_aa,alt_aa,conservation_score,in_domain,domain_name,sift_score,sift_prediction,polyphen_score,polyphen_prediction,has_polyphen,mut_change_count,priority_score
p.P13R,p.Pro13Arg,NM_000546.6:c.38C>G,13,P,R,0.9032258064516128,1,Transcription activation (acidic); Interaction with HRMT1L2; Interaction with CCAR2,0.0,deleterious,0.999,probably_damaging,1,3,3.2027258064516126
p.P92H,p.Pro92His,NM_000546.6:c.275C>A,92,P,H,0.9032258064516128,1,Interaction with CCAR2; Disordered; Interaction with WWOX,0.0,deleterious,0.78,possibly_damaging,1,3,3.093225806451613
p.S15R,p.Ser15Arg,NM_000546.6:c.43A>C,15,S,R,0.8709677419354839,1,Transcription activation (acidic); Interaction with HRMT1L2; Interaction with CCAR2,0.0,deleterious,0.991,probably_damaging,1,2,3.066467741935484
p.Q16K,p.Gln16Lys,NM_000546.6:c.46C>A,16,Q,K,0.8709677419354839,1,Transcription activation (acidic); Interaction with HRMT1L2; Interaction with CCAR2,0.0,deleterious,0.987,probably_damaging,1,2,3.064467741935484
p.P13S,p.Pro13Ser,NM_000546.6:c.37C>T,13,P,S,0.9032258064516128,1,Transcription activation (acidic); Interaction with HRMT1L2; Interaction with CCAR2,0.04,deleterious,0.999,probably_damaging,1,1,2.962725806451613
p.S15G,p.Ser15Gly,NM_000546.6:c.43A>G,15,S,G,0.8709677419354839,1,Transcription activation (acidic); Interaction with HRMT1L2; Interaction with CCAR2,0.01,deleterious,0.982,probably_damaging,1,1,2.951967741935484
p.Q16H,p.Gln16His,NM_000546.6:c.48G>C,16,Q,H,0.8709677419354839,1,Transcription activation (acidic); Interaction with HRMT1L2; Interaction with CCAR2,0.02,deleterious,0.996,probably_damaging,1,1,2.9489677419354843
p.E2G,p.Glu2Gly,NM_000546.6:c.5A>G,2,E,G,0.7142857142857143,1,Transcription activation (acidic); Interaction with HRMT1L2; Interaction with CCAR2,0.0,deleterious,0.798,possibly_damaging,1,3,2.9132857142857143
p.P27R,p.Pro27Arg,NM_000546.6:c.80C>G,27,P,R,0.7096774193548387,1,Transcription activation (acidic); Interaction with HRMT1L2; Interaction with CCAR2,0.05,deleterious,0.84,possibly_damaging,1,3,2.879677419354839
p.E3Q,p.Glu3Gln,NM_000546.6:c.7G>C,3,E,Q,0.8571428571428571,1,Transcription activation (acidic); Interaction with HRMT1L2; Interaction with CCAR2,0.01,deleterious,0.798,possibly_damaging,1,1,2.846142857142857
p.K120M,p.Lys120Met,NM_000546.6:c.359A>T,120,K,M,1.0,1,Interaction with CCAR2; Required for interaction with ZNF385A; Interaction with HIPK1; DNA binding; Required for interaction with FBXO42; Interaction with AXIN1; Interaction with DNA,0.0,deleterious,,,0,3,2.8
p.R158I,p.Arg158Ile,NM_000546.6:c.472_474delinsATT,158,R,I,1.0,1,Interaction with CCAR2; Required for interaction with ZNF385A; Interaction with HIPK1; DNA binding; Required for interaction with FBXO42; Interaction with AXIN1,0.0,deleterious,,,0,3,2.8
p.G199R,p.Gly199Arg,NM_000546.6:c.595G>A,199,G,R,1.0,1,Interaction with CCAR2; Required for interaction with ZNF385A; Interaction with HIPK1; DNA binding; Required for interaction with FBXO42; Interaction with AXIN1,0.0,deleterious,,,0,3,2.8
p.P177H,p.Pro177His,NM_000546.6:c.530C>A,177,P,H,1.0,1,Interaction with CCAR2; Required for interaction with ZNF385A; Interaction with HIPK1; DNA binding; Required for interaction with FBXO42; Interaction with AXIN1,0.0,deleterious,,,0,3,2.8
p.L130D,p.Leu130Asp,NM_000546.6:c.388_390delinsGAT,130,L,D,1.0,1,Interaction with CCAR2; Required for interaction with ZNF385A; Interaction with HIPK1; DNA binding; Required for interaction with FBXO42; Interaction with AXIN1,0.0,deleterious,,,0,3,2.8
p.R282L,p.Arg282Leu,NM_000546.6:c.845G>T,282,R,L,1.0,1,Interaction with CCAR2; Required for interaction with ZNF385A; Interaction with HIPK1; DNA binding; Interaction with AXIN1; Interaction with E4F1; Disordered,0.0,deleterious,,,0,3,2.8
p.E271G,p.Glu271Gly,NM_000546.6:c.812A>G,271,E,G,1.0,1,Interaction with CCAR2; Required for interaction with ZNF385A; Interaction with HIPK1; DNA binding; Interaction with AXIN1; Interaction with E4F1,0.0,deleterious,,,0,3,2.8
p.R306G,p.Arg306Gly,NM_000546.6:c.916C>G,306,R,G,1.0,1,Interaction with CCAR2; Interaction with HIPK1; Disordered; Interaction with CARM1; Bipartite nuclear localization signal,0.0,deleterious,,,0,3,2.8
p.P98R,p.Pro98Arg,NM_000546.6:c.293C>G,98,P,R,1.0,1,Interaction with CCAR2; Interaction with WWOX,0.0,deleterious,,,0,3,2.8
p.E221A,p.Glu221Ala,NM_000546.6:c.662A>C,221,E,A,1.0,1,Interaction with CCAR2; Required for interaction with ZNF385A; Interaction with HIPK1; DNA binding; Required for interaction with FBXO42; Interaction with AXIN1,0.0,deleterious,,,0,3,2.8
p.R267L,p.Arg267Leu,NM_000546.6:c.800G>T,267,R,L,1.0,1,Interaction with CCAR2; Required for interaction with ZNF385A; Interaction with HIPK1; DNA binding; Interaction with AXIN1; Interaction with E4F1,0.0,deleterious,,,0,3,2.8
p.R280L,p.Arg280Leu,NM_000546.6:c.838_840delinsCTC,280,R,L,1.0,1,Interaction with CCAR2; Required for interaction with ZNF385A; Interaction with HIPK1; DNA binding; Interaction with AXIN1; Interaction with E4F1; Interaction with DNA,0.0,deleterious,,,0,3,2.8
p.G244R,p.Gly244Arg,NM_000546.6:c.730G>C,244,G,R,1.0,1,Interaction with CCAR2; Required for interaction with ZNF385A; Interaction with HIPK1; DNA binding; Interaction with AXIN1; Interaction with the 53BP2 SH3 domain,0.0,deleterious,,,0,3,2.8
p.P151H,p.Pro151His,NM_000546.6:c.452C>A,151,P,H,1.0,1,Interaction with CCAR2; Required for interaction with ZNF385A; Interaction with HIPK1; DNA binding; Required for interaction with FBXO42; Interaction with AXIN1,0.0,deleterious,,,0,3,2.8
p.E258A,p.Glu258Ala,NM_000546.6:c.773A>C,258,E,A,1.0,1,Interaction with CCAR2; Required for interaction with ZNF385A; Interaction with HIPK1; DNA binding; Interaction with AXIN1; Interaction with E4F1,0.0,deleterious,,,0,3,2.8
p.M237R,p.Met237Arg,NM_000546.6:c.710T>G,237,M,R,1.0,1,Interaction with CCAR2; Required for interaction with ZNF385A; Interaction with HIPK1; DNA binding; Interaction with AXIN1,0.0,deleterious,,,0,3,2.8
p.G334E,p.Gly334Glu,NM_000546.6:c.1001G>A,334,G,E,1.0,1,Interaction with HIPK1; Interaction with CARM1; Interaction with HIPK2; Oligomerization,0.0,deleterious,,,0,3,2.8
p.L265R,p.Leu265Arg,NM_000546.6:c.794T>G,265,L,R,1.0,1,Interaction with CCAR2; Required for interaction with ZNF385A; Interaction with HIPK1; DNA binding; Interaction with AXIN1; Interaction with E4F1,0.0,deleterious,,,0,3,2.8
p.P219R,p.Pro219Arg,NM_000546.6:c.656C>G,219,P,R,1.0,1,Interaction with CCAR2; Required for interaction with ZNF385A; Interaction with HIPK1; DNA binding; Required for interaction with FBXO42; Interaction with AXIN1,0.0,deleterious,,,0,3,2.8
p.G262R,p.Gly262Arg,NM_000546.6:c.784G>C,262,G,R,1.0,1,Interaction with CCAR2; Required for interaction with ZNF385A; Interaction with HIPK1; DNA binding; Interaction with AXIN1; Interaction with E4F1,0.01,deleterious,,,0,3,2.79
p.L93R,p.Leu93Arg,NM_000546.6:c.278T>G,93,L,R,0.6451612903225806,1,Interaction with CCAR2; Disordered; Interaction with WWOX,0.01,deleterious,0.704,possibly_damaging,1,3,2.787161290322581
p.G334R,p.Gly334Arg,NM_000546.6:c.1000G>C,334,G,R,1.0,1,Interaction with HIPK1; Interaction with CARM1; Interaction with HIPK2; Oligomerization,0.02,deleterious,,,0,3,2.78
p.G154R,p.Gly154Arg,NM_000546.6:c.460G>C,154,G,R,0.967741935483871,1,Interaction with CCAR2; Required for interaction with ZNF385A; Interaction with HIPK1; DNA binding; Required for interaction with FBXO42; Interaction with AXIN1,0.0,deleterious,,,0,3,2.767741935483871
p.E285G,p.Glu285Gly,NM_000546.6:c.854A>G,285,E,G,0.967741935483871,1,Interaction with CCAR2; Required for interaction with ZNF385A; Interaction with HIPK1; DNA binding; Interaction with AXIN1; Interaction with E4F1; Disordered,0.0,deleterious,,,0,3,2.767741935483871
p.E198G,p.Glu198Gly,NM_000546.6:c.593A>G,198,E,G,1.0,1,Interaction with CCAR2; Required for interaction with ZNF385A; Interaction with HIPK1; DNA binding; Required for interaction with FBXO42; Interaction with AXIN1,0.04,deleterious,,,0,3,2.76
p.G199E,p.Gly199Glu,NM_000546.6:c.596G>A,199,G,E,1.0,1,Interaction with CCAR2; Required for interaction with ZNF385A; Interaction with HIPK1; DNA binding; Required for interaction with FBXO42; Interaction with AXIN1,0.06,tolerated,,,0,3,2.74
p.L330R,p.Leu330Arg,NM_000546.6:c.989T>G,330,L,R,0.935483870967742,1,Interaction with HIPK1; Interaction with CARM1; Interaction with HIPK2; Oligomerization,0.0,deleterious,,,0,3,2.735483870967742
p.G117R,p.Gly117Arg,NM_000546.6:c.349G>A,117,G,R,0.935483870967742,1,Interaction with CCAR2; Required for interaction with ZNF385A; Interaction with HIPK1; DNA binding; Required for interaction with FBXO42; Interaction with AXIN1,0.0,deleterious,,,0,3,2.735483870967742
p.G117E,p.Gly117Glu,NM_000546.6:c.350G>A,117,G,E,0.935483870967742,1,Interaction with CCAR2; Required for interaction with ZNF385A; Interaction with HIPK1; DNA binding; Required for interaction with FBXO42; Interaction with AXIN1,0.0,deleterious,,,0,3,2.735483870967742
p.D393V,p.Asp393Val,NM_000546.6:c.1178A>T,393,D,V,0.925925925925926,1,Interaction with CARM1; Disordered; Interaction with MORN3,0.0,deleterious,,,0,3,2.7259259259259263
p.V97D,p.Val97Asp,NM_000546.6:c.290T>A,97,V,D,1.0,1,Interaction with CCAR2; Interaction with WWOX,0.08,tolerated,0.006,benign,1,3,2.723
p.P82R,p.Pro82Arg,NM_000546.6:c.245C>G,82,P,R,0.8,1,Interaction with HRMT1L2; Interaction with CCAR2; Disordered; Interaction with WWOX,0.04,deleterious,0.309,benign,1,3,2.7145
p.P12H,p.Pro12His,NM_000546.6:c.35C>A,12,P,H,0.6,1,Transcription activation (acidic); Interaction with HRMT1L2; Interaction with CCAR2,0.17,tolerated,0.955,probably_damaging,1,3,2.7075
p.R174G,p.Arg174Gly,NM_000546.6:c.520A>G,174,R,G,0.9032258064516128,1,Interaction with CCAR2; Required for interaction with ZNF385A; Interaction with HIPK1; DNA binding; Required for interaction with FBXO42; Interaction with AXIN1,0.0,deleterious,,,0,3,2.703225806451613
p.H214P,p.His214Pro,NM_000546.6:c.641A>C,214,H,P,0.9032258064516128,1,Interaction with CCAR2; Required for interaction with ZNF385A; Interaction with HIPK1; DNA binding; Required for interaction with FBXO42; Interaction with AXIN1,0.0,deleterious,,,0,3,2.703225806451613
p.E221K,p.Glu221Lys,NM_000546.6:c.661G>A,221,E,K,1.0,1,Interaction with CCAR2; Required for interaction with ZNF385A; Interaction with HIPK1; DNA binding; Required for interaction with FBXO42; Interaction with AXIN1,0.0,deleterious,,,0,2,2.7
p.E221M,p.Glu221Met,NM_000546.6:c.661_662delinsAT,221,E,M,1.0,1,Interaction with CCAR2; Required for interaction with ZNF385A; Interaction with HIPK1; DNA binding; Required for interaction with FBXO42; Interaction with AXIN1,0.0,deleterious,,,0,2,2.7
p.G262D,p.Gly262Asp,NM_000546.6:c.785G>A,262,G,D,1.0,1,Interaction with CCAR2; Required for interaction with ZNF385A; Interaction with HIPK1; DNA binding; Interaction with AXIN1; Interaction with E4F1,0.0,deleterious,,,0,2,2.7
p.K164Q,p.Lys164Gln,NM_000546.6:c.490A>C,164,K,Q,1.0,1,Interaction with CCAR2; Required for interaction with ZNF385A; Interaction with HIPK1; DNA binding; Required for interaction with FBXO42; Interaction with AXIN1,0.0,deleterious,,,0,2,2.7
p.E258V,p.Glu258Val,NM_000546.6:c.773A>T,258,E,V,1.0,1,Interaction with CCAR2; Required for interaction with ZNF385A; Interaction with HIPK1; DNA binding; Interaction with AXIN1; Interaction with E4F1,0.0,deleterious,,,0,2,2.7
